Study_Hours_per_Day,Attendance_Percentage,Previous_Grade,Assignments_Completed,Sleep_Hours,Internet_Usage_Hours,Gender,Parental_Education,Study_Method,Exam_Score
5.993428306022466,88.89266321297463,85.99033154879004,2.0,3.0,3.2580235485237803,Male,High School,Self Study,51.601335922320395
4.72347139765763,100.0,78.86950524369153,,4.3383010702150955,,Female,Graduate,Online,
6.295377076201385,54.02148639271288,65.89445554880261,2.0,5.7614734817906585,4.069591771389906,Male,Postgraduate,Online,44.80286359778677
8.046059712816051,83.44453855035856,55.295948334416394,5.0,4.485643402595588,4.44020775971962,Male,Graduate,Online,47.074853938222425
4.531693250553328,65.24036146317259,75.47334970420386,7.0,5.628833317244043,,Female,Graduate,Online,57.447696162465405
4.531726086101639,67.69311924352957,,9.0,7.780569568524242,2.728490792010579,Female,Postgraduate,Coaching,80.22517509173011
8.158425631014783,66.11409113641696,78.42789830041599,5.0,6.698205082003971,,Female,High School,Online,46.149239010328856
6.534869458305818,62.04013845480276,74.52757702522955,4.0,8.495925553264383,3.3305723741820508,Male,Postgraduate,Self Study,57.38203579545065
4.061051228130096,75.7278244191724,80.74329072979003,3.0,6.793062926527616,2.692614312338837,Female,Graduate,Coaching,61.00581281394214
6.085120087171929,62.535748253834434,56.97147182659148,2.0,7.98869124724179,2.898183341890535,Male,High School,Coaching,53.186415072221855
4.0731646143750755,79.05685238669759,84.76091098451488,3.0,6.403894549807253,3.9627232953625366,Male,Postgraduate,Online,54.47803685810243
4.068540492859486,74.24642835826295,67.963994070386,6.0,5.614586774960326,1.3292203505983,Male,,Coaching,40.22286837785731
5.483924543132068,71.41577929700385,96.12891308937898,0.0,8.720852083312833,4.106059702891236,Female,High School,Online,61.737553655985586
1.1734395106844042,61.386545069376034,54.66218272865648,6.0,5.4359745680959,4.711699097296877,Female,Postgraduate,Self Study,28.66321656383757
1.5501643349739345,66.34843004147501,91.03945704747875,,7.015767234686449,5.451202490233302,,High School,Online,21.645978749301094
3.8754249415180544,86.33086838738635,67.96866175193972,1.0,7.653346044836709,0.0,Male,Postgraduate,Coaching,67.39186291871368
2.9743377593311524,82.5137578143657,55.22872994578327,3.0,7.762239056706285,2.725647514327173,Male,Graduate,Self Study,58.32504058106981
5.628494665190548,60.33667132802174,57.741712489185176,0.0,4.751835994669971,0.0523491384696162,Female,High School,Online,49.40118108842617
3.1839518489575784,,60.1947903770852,10.0,8.0779256087424,0.0,Male,Graduate,Self Study,55.86751868314953
2.175392597329417,86.27080685057683,71.36248919602875,10.0,5.031567130839095,3.2161395714112175,Male,,Self Study,63.330811593236604
7.931297537843108,49.95892078317942,72.8425323205325,10.0,7.716055483024991,2.4012723107244573,Female,High School,Coaching,63.25086346652074
4.548447399026928,83.15040288569902,56.394499940921314,8.0,7.302760206573648,3.44977642765612,Female,Postgraduate,Self Study,64.83603048804666
5.1350564093758475,65.0606436158123,64.63468111608526,5.0,7.727945992669848,3.7291915351309735,Female,High School,,49.37485375611922
2.1505036275730864,83.5589800288974,97.13405537917795,0.0,4.692494718351458,4.871843937161881,Male,Graduate,Self Study,63.97617874355832
3.9112345509496347,63.55111265186225,90.91314755151066,0.0,7.381894614101587,3.08088063795867,Male,Graduate,Online,54.340031206108
5.2218451794197325,47.92676849003222,71.54485504511048,,8.128390514612258,7.385033425978632,Male,Postgraduate,Self Study,49.16473507466652
2.6980128451553944,,65.570052172523,3.0,,3.459614782477819,Male,High School,,26.848736558508627
5.751396036691344,75.72127419992073,66.80046990077392,3.0,5.272074980593135,5.763718566850817,Male,Graduate,Online,57.454401100093285
3.79872262016239,78.89583752582223,74.20276959095625,10.0,7.8796214214919855,,Female,Graduate,Self Study,50.525734572226575
4.416612500413446,61.43525062343387,49.658111522023916,5.0,6.670879442151155,5.024609294325938,Male,Graduate,,38.552342801302956
3.796586775541206,84.57888688166061,61.139351938649824,10.0,3.988333604258456,2.7288592653066597,Male,Postgraduate,Self Study,46.46727766516645
8.704556369017876,50.0771990659656,39.97123889183616,6.0,5.155715806525009,0.07747911085909287,Male,Graduate,Self Study,44.00784563405125
4.973005550524132,74.00880302029024,70.98834683907918,8.0,5.71055820315954,3.63081766384218,Female,Graduate,Online,77.6069112253036
2.8845781420881993,56.834757003563155,74.70793909554112,9.0,8.758727431459484,2.545566693023524,Female,High School,Online,61.56572033554377
6.645089824206378,65.22245838296762,57.75220306550939,4.0,8.49527462945932,3.870079872672213,Female,High School,Coaching,74.56872000044746
2.5583127000579555,75.71098006974621,88.6098014493505,8.0,8.490452796585014,,Male,Graduate,Online,41.868161270541385
5.4177271900095105,62.09379952074072,46.61351505496488,3.0,6.8485404165257995,0.7662748248576063,Female,Graduate,Coaching,49.45769473218675
1.0806597522404489,69.23166683655262,43.0343767968527,9.0,7.870392187668799,4.522378473682736,Female,High School,Online,25.857285272009747
2.343627902203139,90.0943921382166,68.36677727839958,1.0,4.788830886971164,3.009719226331075,Female,Postgraduate,Self Study,42.165163862103725
5.393722471738247,66.34662195715276,80.70647453918232,2.0,,5.0292617620399085,Male,Postgraduate,,44.785650518805916
6.476933159990821,87.53538168097712,90.25891537186803,10.0,7.177449052474395,2.6922776565031974,Female,Postgraduate,Self Study,83.38162282104042
5.342736562379941,58.05439718013573,58.1167360569659,0.0,4.88765141403632,2.2943866612028683,,Postgraduate,Self Study,42.402211647972855
4.768703435223519,82.94706266872925,81.18021250146944,5.0,6.814868134462805,3.040581061033427,Male,Postgraduate,Self Study,70.49720848023807
4.3977926088214225,96.6235293098685,64.42237295748939,5.0,9.029958778706517,3.1527910595697795,Female,Postgraduate,Coaching,66.54470396637625
2.0429560192651453,37.92533249809066,62.41059050088771,0.0,7.33815467684094,2.005822797762397,Male,Postgraduate,,55.69113936798735
,63.046571167942844,78.25489906230008,10.0,7.876317809996181,2.2555429035670747,Female,Postgraduate,,38.261831134291924
4.078722458080425,83.6560819077081,74.78484317620129,2.0,3.0,1.159686698229316,Male,High School,Self Study,66.80244963054729
7.114244452437831,71.9543192093551,41.35411764523626,4.0,8.836953273729385,2.348032365314708,Female,Postgraduate,Coaching,67.90872180738188
5.687236579136923,80.56718810056964,87.14810524588844,2.0,6.220816478371746,4.014465089996368,Female,Postgraduate,Online,51.03087453067669
1.473919689274532,65.94022219926269,85.70137031221176,9.0,5.3469705288949365,2.793968739140784,Female,Postgraduate,Online,57.19193404965344
5.64816793878959,76.2988468120935,55.61655947735706,2.0,6.238043222285105,4.513597944070993,Male,Graduate,Coaching,56.18114202483757
4.229835439167367,72.66484146911881,70.93705300156114,9.0,4.272466762578653,2.7218557985203895,Female,High School,Coaching,51.676912241045024
3.6461559993880828,92.5167309248971,72.41045279424108,2.0,8.071913092628213,0.8527230034150288,Male,High School,Online,49.5458180093682
6.2233525776817356,78.8163126495182,68.9101064873586,4.0,5.996906415839311,3.8959123313348742,Female,High School,Coaching,51.95637535313274
7.061999044991902,80.06403993112804,56.7454226923187,4.0,5.392053781960896,1.9895652884498962,Male,Postgraduate,Online,80.75365885739262
6.862560238232398,68.821845508163,54.92564948092922,3.0,6.247917401467452,2.649949066854698,Male,Postgraduate,Online,55.52517662021313
3.3215649535547227,67.6859066389126,64.61668893512832,0.0,8.177023481864211,4.856358071226175,Female,Graduate,Self Study,52.67543735999722
4.381575248297571,68.51162718270568,82.59093528889048,4.0,6.697187601171831,1.2586943104177293,Female,High School,Self Study,47.02665378618403
5.662526862807128,80.91678213567445,73.15400231891648,9.0,4.3854593456997994,3.2471156811965773,Female,Postgraduate,Online,53.16405806294224
6.951090254244718,,59.44078501870841,4.0,7.197471244611624,2.939222474946312,Female,High School,Online,68.29597008011673
4.04165152430942,79.34662285344619,76.57548065972517,3.0,5.106530068516062,4.051388573155655,Female,Graduate,Online,39.77584619307204
4.628682046672366,100.0,,5.0,3.2658484529377754,4.2827300482230335,Male,Graduate,Online,46.179839801431534
2.7873300519879436,,82.23148550558156,9.0,,3.3957585063733386,Female,Graduate,Online,58.74274868959629
2.6075867518386584,70.10964701748239,38.904293318328506,3.0,7.185844812241534,2.4594380301294003,Female,High School,Online,
6.625051644788396,93.01820883245918,59.563385878953014,6.0,6.382594004294877,3.7100587560389404,Male,Postgraduate,Coaching,62.23862953385996
7.712480057141645,68.87886940467673,48.20495158060784,,5.981585727954952,5.003483845716843,Female,Postgraduate,Online,60.88934006102781
4.855979756839332,44.428131972332196,45.57977786418641,1.0,,2.9590650905404488,Female,Graduate,Coaching,47.259169073512815
7.007065795784048,59.87870533623894,,,,2.59911582836546,Male,Postgraduate,Coaching,67.51410689076995
5.723272050095268,46.938121184612164,57.98448198032163,,7.173170777849775,3.5822553865019855,Female,Graduate,Online,34.785568510729405
3.7097604907897512,69.72729773938038,70.19755822596073,7.0,4.955547976508186,3.0580905305544177,Female,High School,Online,47.69416018306442
5.722791211016828,,64.29619131681224,8.0,6.268301721698036,0.9934358641233012,Female,Graduate,Coaching,71.19555615032266
8.076073132931938,100.0,72.15561240834683,3.0,7.145859008141073,3.358996200596222,Male,High School,Coaching,80.99924515997634
4.928347921780097,79.90391060646245,66.15232836590383,5.0,3.0,0.9798563868543542,Female,Graduate,Online,41.76815991222198
8.129287311628012,71.71349206786704,45.755116637171454,8.0,,3.561720969612668,Male,Postgraduate,Online,64.28774580272771
0.0,87.44108371775233,79.94400229170711,5.0,7.154637694239618,1.804285913390149,Female,Postgraduate,Coaching,27.61404897034376
6.643805008750448,41.832970364881724,57.593651252580315,8.0,8.48951329698083,3.055312206279519,Male,Graduate,Coaching,51.186485952186274
5.174094136476342,78.53421837162848,41.651271520103734,3.0,8.33318495355958,3.5858908592988548,Female,Postgraduate,Coaching,70.26411943952846
4.401985299068265,86.5629779083045,58.578272585511314,7.0,,6.680855018915357,Male,Postgraduate,Self Study,44.904528224868024
5.183521553071005,52.821206313302376,87.51139685951466,8.0,8.771955359870537,4.1141249426803865,Male,Postgraduate,Coaching,46.88489067878591
1.0248621707982144,92.15631064810394,77.7533261317024,3.0,9.553517478558135,5.047198214613502,Male,High School,Self Study,57.66560238086721
4.560656224324976,80.07744611241621,59.77021798388211,4.0,6.54192718286669,5.807621728040887,Male,Postgraduate,Online,36.59838367879266
5.7142251430234925,68.77068129148797,59.76113443522357,7.0,7.127280617701624,3.733883875499167,Male,High School,Online,48.59525477581243
7.955788089483033,84.49172799159427,60.17547423173926,9.0,,3.4285347004007987,,Graduate,Coaching,71.9246485230594
3.9634595634527052,100.0,96.15121975341262,5.0,4.323540106338368,1.3999183367606762,,Postgraduate,Online,58.73957504893546
3.3830127942136246,77.72799382587743,70.7290317834733,6.0,5.242705528985722,2.8250551013994083,Female,Postgraduate,Online,49.4623682287822
3.996485912830927,78.72330879450504,71.45062470786604,2.0,5.83457254322442,1.9153684055462064,Male,Postgraduate,Online,60.29803449040696
6.830804235404148,68.10958650689633,80.45425181047763,6.0,4.855815462892897,,Male,Graduate,Online,65.46030172478223
5.657502219319369,62.25233445802812,68.5818373853977,,6.446006882034137,5.805995064288703,Male,High School,Self Study,55.85276434427282
3.9404795924659224,87.45503724816368,61.11436781268945,9.0,5.879436248488072,3.1719322637999845,Male,High School,Self Study,52.74335271402841
6.026534866226712,62.15874261136699,62.05475226372533,5.0,8.106342847009422,1.686150633425837,Female,Postgraduate,Coaching,58.548885094316645
5.194155098696081,76.07349355829089,63.92598110878904,9.0,5.787839531774438,5.061800182036956,Male,Graduate,Coaching,54.815402459204485
6.937289981065779,67.83513829852325,64.44166645235238,8.0,3.0699230776767585,4.432913214356173,Female,Graduate,Coaching,61.94730575414293
3.5958938122452953,82.18469738619588,75.9144431545547,5.0,6.68862675880313,4.511480238900595,,Graduate,Online,49.24523229227707
,80.00493157930423,65.77918828710949,8.0,6.478702963382991,0.0,Male,Graduate,Online,55.60500598952264
4.215783693735685,,,3.0,5.206925177893259,5.923006436582229,Male,Graduate,Self Study,46.25658250714971
2.072970103735763,67.3497540171788,63.78925129837126,7.0,6.642499825245555,2.1622278868591693,Female,High School,Self Study,44.57174664516601
5.592240554129152,70.95187597059943,66.17952785474137,10.0,,4.166932159189133,Female,High School,Coaching,48.5482668674628
5.522110544359778,60.31854426326539,35.026989732018386,3.0,6.994759930435014,6.785699685925548,Male,High School,Self Study,32.13135847909742
5.010226913284922,68.33560109885832,78.74491512053723,1.0,10.0,6.232999122285927,,Postgraduate,Self Study,56.25045601103062
4.530825733249706,80.65950739567279,70.19732713846989,9.0,3.7915917906398504,1.5336568117909697,Male,Graduate,Self Study,59.586160094145974
2.1692585158991715,86.35482924968028,79.97015164789478,10.0,5.72563686948626,0.8332239944965902,Female,Postgraduate,Self Study,63.68319843916112
4.158709354469282,61.167520137335615,,,5.485242317826296,5.145519898271892,Female,Graduate,Self Study,
4.314570966946461,88.0440888015849,96.32562057171091,4.0,5.850110174768685,3.2130837173909996,Male,High School,,
3.395445461556762,,62.90615557767239,3.0,8.029886869395462,2.24867783804688,Female,Postgraduate,Coaching,61.26651810323796
4.677428576667982,81.20152354835551,81.62274225106275,1.0,7.314239838978537,3.9318278204085715,Female,High School,Self Study,61.356235332324076
5.8081017136290765,100.0,49.401411093117034,0.0,7.773149753909635,2.7556806338108384,Male,Graduate,Coaching,51.556785091538615
8.77237180242106,63.39316201344641,74.19160857593855,10.0,6.545743257130397,4.051986205573115,Male,Graduate,Online,67.91389907497533
5.349155625663678,,49.198766552395156,6.0,4.516851020082713,3.100472711728099,Female,Graduate,Self Study,50.1358661372926
5.515100781445529,48.319196266435824,55.64346558956292,5.0,4.82797195811003,4.0835818924922505,Female,High School,Online,
,97.44066467233775,93.71047030800179,1.0,7.619389561199888,1.6582009662954171,Male,Graduate,Coaching,
1.162457569401917,84.81548484531086,62.1397639885498,7.0,6.756247847619946,5.136693019698952,Male,High School,Coaching,47.274644613204266
4.946972249101567,74.16622993634317,68.26149309769585,10.0,8.390311109118258,4.046435056098657,Male,Postgraduate,Online,80.04033276822904
5.120460419882053,79.19952939479731,78.05101596033131,3.0,6.939893154870195,3.969446054105359,Male,Graduate,Coaching,54.1162741329642
9.926484224970572,58.11766429052435,72.43522831958907,7.0,4.725477510001813,1.323495109482009,Male,Graduate,Self Study,59.622017847693535
4.615278070437755,100.0,67.25628357715365,6.0,5.7171472787252675,,Female,Graduate,Online,64.11442585073742
5.603094684667225,76.93831772962841,70.47441503699338,4.0,7.347221224524395,2.9794258509505975,Female,Postgraduate,Self Study,61.29334217174148
4.9305764605895135,76.64092191907339,100.0,9.0,7.565498744357939,4.092073293644762,Female,Graduate,Online,
2.662643924760936,85.88649935848038,64.13571804449622,9.0,7.782662948232032,2.515763304380087,Female,High School,Coaching,41.13579345356326
7.285645629030041,82.2151384760507,68.01648570072452,7.0,4.92721383019221,3.391333597023146,Male,High School,Online,71.7065182123847
6.503866065373549,78.35826036418698,80.75981594011418,8.0,4.698454750884613,,,Graduate,Online,69.70164196726697
6.582063894086094,,81.58288899436975,4.0,6.215296220378869,0.0,Male,Graduate,Self Study,
3.181225090410522,82.07202535703993,82.8054545834057,9.0,8.660110274800182,3.8736721869822466,Female,Postgraduate,Coaching,61.006466018150554
7.805588621872198,100.0,,4.0,5.459197518787973,5.948012192583127,Female,Postgraduate,Self Study,80.38312401079014
2.1962978744154382,95.18130069232467,47.854926309042746,,7.1824578359014595,3.8096703884879357,Female,Postgraduate,Coaching,
,98.89779939959095,89.50147298451644,4.0,7.182591708408448,1.5634376266653929,Male,Graduate,Self Study,59.47016089971643
9.380911251619956,67.33176485353222,,2.0,7.64115912450592,3.9749423492308305,Female,Postgraduate,Online,68.93791728705587
3.0189273497386235,60.15592769612129,69.5395319785855,6.0,8.996660380922314,4.589220795260008,Male,Postgraduate,Self Study,45.56830049627533
3.867404540794456,73.11319619850528,53.68586224970963,9.0,8.842859637149159,3.7686997742855803,Male,High School,Coaching,52.03916584346382
5.199302730175282,75.83587368433042,64.0379248011051,,5.608091249240742,,Male,Postgraduate,Coaching,55.24786612050584
3.9930486917676014,91.41287277706422,69.9314361545522,7.0,3.3531568380369894,2.636776161264104,Male,High School,Online,
1.8986731378677346,49.613030554277714,69.8203582317541,0.0,5.482205996952886,2.6305353669497893,Male,High School,Coaching,47.886910512309534
5.137125949612055,97.9432547919092,71.32881131352927,2.0,6.613508441070853,4.046665351516819,Male,Postgraduate,Self Study,60.506358495399674
,72.62988152131516,89.20566903587971,2.0,5.957532083471515,0.8893140074105577,Female,,Online,
,68.5967839507887,71.8030145227097,8.0,9.451848414392202,2.44219025871689,Male,Graduate,Coaching,56.350723191730005
3.1611515315323935,59.81843437109749,61.33765047064027,4.0,6.528170456474674,5.393414734516423,Male,Graduate,Coaching,44.05084002913836
8.09986881003508,50.177149922013456,79.46130752432536,8.0,7.480567820384291,5.451292899865764,Female,Postgraduate,Self Study,72.55179821480412
3.4334934153275256,,82.8420573338696,8.0,6.825821464471015,0.7827793682975068,Male,Graduate,Self Study,66.1256272381602
,76.09976950782605,,,5.980050224763767,1.3028795831045867,Female,High School,Online,39.04797084306193
,55.65058650388419,73.96100104774787,1.0,3.6127824830560002,2.5940691307080948,Female,Graduate,Coaching,77.22973530789571
2.5382713671320896,55.57381841904576,75.51759113466348,4.0,,4.3388842756715285,Female,,Self Study,45.05982559708061
5.4549198692082586,69.96322951064808,60.53654744960012,3.0,10.0,0.25878846892051444,Male,Postgraduate,Online,68.58555109626911
7.614285508564857,100.0,85.6356021996743,9.0,,2.9177870476237833,,High School,Coaching,73.81059530616687
1.785033530877545,,62.7491661945121,8.0,3.7776904334386634,2.2887312651305325,Female,Postgraduate,Coaching,49.31484478160739
5.369267717064608,52.45285570322841,66.88364680207313,6.0,9.404583953853365,4.98894701142785,Male,Graduate,Online,58.82289273897378
5.519765588496847,71.31385403871083,62.40392263574196,5.0,7.6131244548040025,0.48463728904611836,Male,Postgraduate,Online,68.68042820467369
6.563645743554621,70.90914645378494,65.23368571372201,6.0,6.7811298207851545,3.1388109232404338,Female,High School,Self Study,69.40526081209836
2.526098578243836,34.546700355876425,48.55587369657197,0.0,8.544010793550587,2.4095858439771094,Female,Postgraduate,Coaching,39.442663056325344
2.3590867738314474,74.18557700223282,43.39923676108559,0.0,5.252747085565855,5.204698389415932,Male,Graduate,Coaching,34.88593781051518
6.0438831312337955,71.53598204686983,88.91757594837458,,6.340107858628023,3.8964789695298743,Female,High School,Coaching,56.380313222425706
5.5939693464663724,85.44309547220128,52.29557977522508,1.0,7.932731175351234,2.1212765111133978,Female,Graduate,Online,59.60575507146541
5.5009857006917535,100.0,50.129114758155396,9.0,9.665531551730593,,Female,High School,Self Study,73.0527867204855
5.692896418993952,91.89847544321637,32.699148295944276,10.0,4.747183528015087,2.4167567200371396,Male,Postgraduate,Coaching,55.12606794535852
3.6399505568430186,70.96666964167754,55.41557378465747,8.0,8.421101687840592,4.498994566859631,,,Online,59.90574053759815
5.464507394322007,58.40211136887494,45.153653098887524,,7.072758591261476,2.644384513671633,Male,High School,Coaching,62.68524070706272
5.586144946597362,100.0,89.63022740204553,5.0,6.7445916011441245,4.581999868153145,Female,,Self Study,59.102566995962505
3.571297163947264,75.88827651021732,,0.0,6.488406166617893,3.654122932690875,Male,Graduate,Coaching,42.557760291935594
8.731549022289514,75.2089393786942,54.67774482233414,0.0,4.423030068958095,7.890736621037135,Female,Postgraduate,Self Study,56.55527397985074
5.947665841823575,74.63812369334995,98.78653708016463,1.0,7.944633497319549,2.9206559918759933,Male,High School,Self Study,66.0798574841224
2.617393005594703,77.97127141151782,79.72648230487391,5.0,5.326596469510508,3.5742934374321726,Male,Postgraduate,Coaching,45.319338279582894
6.313107217267659,72.83459382114086,60.12752924737066,5.0,4.880463946246479,2.280862887426103,Female,High School,Coaching,70.137032965701
3.050636659545357,66.39506989679646,27.508914276896405,1.0,7.828188438350507,3.004028011132168,Male,Postgraduate,Self Study,41.72496263184797
6.574169207484904,66.79711588139412,,0.0,7.683701037720018,0.0,Female,Postgraduate,Online,63.87079110591257
7.317191158014808,74.50870094676003,44.15641299854606,9.0,6.618500125416594,3.698376024811548,Male,Graduate,Self Study,44.73643316939888
3.358635363296579,66.84862843299352,40.31901879564663,4.0,8.119315431217462,5.014311319424118,Male,High School,Coaching,28.588642270538713
6.926752258488643,64.30731325984253,80.3385564801446,4.0,8.638904872218673,3.5949450068990316,Female,Graduate,Coaching,63.472234484925494
5.825561853872997,76.59645341537845,100.0,1.0,8.46233611673831,,Female,High School,Online,43.346229476536344
6.64412031998898,,85.76409227765777,5.0,5.70758153989703,1.7973192709364982,Female,Postgraduate,Self Study,73.01928716802563
8.793585965307894,,73.4586368007854,8.0,8.021157396919568,0.0,Male,High School,Self Study,76.76949395943944
4.509223767994259,35.23545287410482,73.92131512497929,1.0,6.817461466262973,4.468386010298136,Male,Graduate,Self Study,72.98803761513983
3.492527671285021,91.37260277883692,77.80123338170462,9.0,9.08886165552856,1.4902300609356294,Male,Graduate,Coaching,84.82808882730464
3.2209711407489534,93.69127788746444,76.38392884680148,1.0,6.314407495599241,2.956937114681658,Female,Graduate,Self Study,53.41132705583011
3.3683794300691234,43.89914651387776,69.21787135954064,2.0,5.965292543947504,2.76939364150917,Female,High School,Online,38.65303594218484
4.845796581171792,69.85968608879477,66.56301655927814,6.0,5.5793046847356855,,Female,Graduate,Coaching,61.937571087653886
5.682303949633288,69.42838701006313,64.06110308150717,5.0,6.783931841353333,3.127921976948608,,Graduate,,72.04737959960296
5.553381598660038,,53.690531166999854,7.0,7.200088201388156,4.213339380159015,Male,Graduate,Self Study,32.1775322394043
6.654366498072047,63.33274968613687,60.78987384699839,7.0,7.2289434243909065,3.8196956462214935,Female,Postgraduate,,38.46176840499473
5.026003783755814,58.34136231801257,39.605647787069216,5.0,7.023758810467785,5.039117129942099,Male,Postgraduate,Coaching,37.773522388804075
7.907068154314634,100.0,63.52490559807875,10.0,7.5065555190197095,2.641314458245562,Female,High School,Coaching,79.68618194468537
4.470686333524088,89.03517589721191,50.17113339273624,9.0,6.166187246128403,5.8044229957567754,Male,High School,Self Study,59.806456478544874
10.440338333179238,94.07332642491238,48.44616024176344,2.0,5.191227026612193,0.021506765401027472,Male,Graduate,Self Study,83.5148196558082
6.251334695530012,85.82508096064853,67.69841226730217,2.0,5.060258004629528,4.286210247001854,Female,Postgraduate,Online,47.43125942340579
3.285684887167435,58.06422343174156,85.880034295169,0.0,7.962576642955202,1.7000705870038018,Male,Graduate,Self Study,24.422142948345495
2.8582150038777754,67.1321960058034,78.7747490900347,6.0,,2.260875670830071,Male,Graduate,,58.52169948188392
5.96494483048637,82.34061841841877,41.442490945652345,4.0,3.716243343574514,,Female,Postgraduate,Coaching,44.534616448074345
4.553074429348298,56.66808286662082,50.15557795144494,3.0,8.14513014019991,3.842103074771614,Female,Postgraduate,Online,24.1573986271479
6.428000988184184,85.69497645258582,79.11156781982324,9.0,9.320652719603983,3.909642020535107,Male,Postgraduate,Online,69.4709522734212
5.94647524914709,71.39511902762797,50.26268909692536,3.0,5.426124723862201,0.920763083842143,Female,High School,Online,60.99493697731153
4.854342174686255,69.37768788675604,61.63050275004463,3.0,7.004240069414061,5.173545346918861,Male,High School,Coaching,48.897209480129334
3.30641256386319,85.66439952305237,73.25078148536828,5.0,5.789812859551461,1.6490293226584865,Female,Graduate,Self Study,50.26062175220053
1.9703055506282707,81.6639496722906,50.47483317704547,7.0,7.44246038820675,1.8490693646622014,Male,High School,Coaching,45.2081413792943
4.106970095865957,69.5855075127138,66.5806325921894,7.0,4.7509866663871625,3.956845107250243,Male,,Self Study,46.703932215410525
6.712797588646945,92.38994705046372,44.989617576226934,4.0,6.392831514351829,2.569918237858139,Female,Postgraduate,Online,47.284285915170514
5.4281874882604075,58.78405008600154,55.9794853407318,5.0,7.971971191998172,3.462391260843738,Male,High School,Online,42.723657754400946
2.508522442576024,84.23903410416395,69.79672901213806,3.0,8.353567608948259,0.0,Male,Graduate,Online,57.64620621601714
5.346361851702364,83.89651886952575,41.105093997024966,10.0,7.139743728379533,3.426486674278847,Female,Graduate,Online,59.50247395618515
5.770634759457674,70.35680341029014,71.60712106940599,8.0,5.991432045185391,3.3267478192683226,Female,High School,Online,59.753309687968
3.2322851275977342,79.89199533363177,64.70543301609978,7.0,4.111098373484587,,Male,Graduate,Self Study,41.09199885763441
5.307450211891056,56.23329635422046,73.28734931625722,,5.363675433141077,0.0,Female,Graduate,Self Study,52.816615500404616
5.116417436892,88.86040528810352,68.35871201096992,9.0,5.79608989286783,2.680787607777593,Female,Graduate,Online,39.96611697741761
2.714059404338754,72.22646795335517,85.46210644960766,0.0,5.453399325047579,2.9439392103020805,Male,Postgraduate,Coaching,49.942036585170996
5.715574720696567,,66.87836753971861,1.0,6.589329452470423,2.4491565145042573,Male,Postgraduate,Coaching,67.5288076248165
6.121569052736469,90.73513838755333,58.558916883121206,8.0,5.987168395743073,,Female,High School,Online,49.4264257768745
7.166102486350554,64.4348446418586,66.83446254548426,7.0,6.758182058503165,5.392101010975374,Female,,,52.519417151292444
7.1076041040698055,53.873080554546604,73.14947043554582,2.0,8.303940951571494,2.0417077080834405,Female,Graduate,Coaching,59.536814974527886
2.244661264085818,51.65056239714144,65.73290105488556,7.0,5.890306668155958,2.666693005615649,Male,,Coaching,53.01596589792199
3.124349920169754,84.0901492701846,65.60887536805824,0.0,4.425699534118663,0.0,Male,High School,Coaching,45.45247321923413
6.0300705344173195,55.793559712555755,54.47012468289867,9.0,5.447438602812688,5.392283023047311,Male,Postgraduate,Online,43.32737895082214
,100.0,55.05648623673578,3.0,7.375382704959907,2.300175102398916,Male,Graduate,Coaching,43.44238532994008
6.030095372612096,43.77105888174417,43.96092092300459,,7.51691567742901,3.147694225611304,Male,Graduate,Coaching,44.23277998595037
12.0,100.0,91.24365114780409,5.0,7.109127795524351,4.681106167224977,Male,High School,Coaching,100.0
6.141781021386334,78.16526200803928,46.34205146913072,,8.451105958832024,1.985543692925061,Male,Postgraduate,Coaching,60.149697712997174
7.271131280361198,73.54930332194411,54.60642203306139,3.0,6.220455395184522,4.444867481079816,Female,,Self Study,56.964473409494325
6.908003526986405,66.82621369786575,54.22389101646204,6.0,9.578249222013987,0.0,Female,Postgraduate,Online,62.6266006122882
6.302782502611596,80.98704171528107,78.42386565416662,8.0,7.7272807041588605,3.82647998635697,Male,Graduate,Online,64.72871347266737
4.369461510719309,74.43547946362727,60.57575482561958,10.0,3.0,5.3583632497794795,Male,High School,Self Study,43.244853988878994
6.517938440986535,91.54952823024783,83.716131090106,1.0,9.20098794494535,2.1293747291729552,Male,Postgraduate,Self Study,76.0305057747184
3.4543495709248564,76.71341472993059,54.897640636341976,10.0,5.349520084796417,4.678322430447598,Female,Graduate,,51.94981531731409
4.526362786519982,77.25452642192816,69.18491243335703,2.0,4.948848215814603,,Male,Graduate,Coaching,51.36754341090834
4.029272904341793,69.54581681679217,52.46979420110364,4.0,7.28565666474934,2.617737242918971,Female,Graduate,Coaching,38.02582203641644
5.163748278772645,74.14581564418398,97.17723691660083,2.0,3.8927292914951845,2.4937075712252086,Female,Postgraduate,Online,71.90502709237587
9.629317133347017,79.6170265333809,47.18602371455731,10.0,5.45679615301758,1.6525593812515442,Female,Postgraduate,Coaching,75.75940994218092
1.2654696148165039,49.347474110150614,69.64731065340541,7.0,8.835647810936312,2.2354047672223,Female,Postgraduate,Self Study,33.801026356359756
6.372520380749027,54.77721866841431,74.50665321398148,9.0,7.334326368496254,1.7769601645910695,Female,Postgraduate,Coaching,67.74898902433964
1.7745682576206967,86.14896141034072,71.20698646177247,7.0,7.718359671408829,1.6513333523591591,Male,Postgraduate,Coaching,
4.056136268421133,77.56298157191912,62.220685116834375,7.0,5.514634099253789,4.798252945067034,Male,Postgraduate,,43.91959595218901
7.177901193934732,72.24024995470981,63.05268950399861,8.0,4.192445001547846,1.8151109620676107,Female,Postgraduate,Online,53.4079523139541
5.128560038190925,75.27650899598089,65.65717207968665,3.0,7.560226143970601,3.3877828720794345,Male,Postgraduate,,36.975603334369026
2.8445104441413878,80.21372558042506,,4.0,7.8953842343629255,3.0573501528243567,Female,Postgraduate,Coaching,54.29108384661756
3.5693925814800638,66.90360479535957,79.45818675192365,4.0,7.827490079121665,5.247141843856684,Female,Graduate,Online,31.649621867681784
6.359195497869352,63.32542911896531,98.15784502387027,7.0,6.813603845176798,2.24526565191748,Male,Postgraduate,Coaching,51.206515018043724
3.5392667365657267,77.93767882646523,56.637623224882496,6.0,5.049397634791894,3.571722069981483,Male,High School,Self Study,28.309586194233113
5.43291717916395,60.32440833577452,44.45295530631383,8.0,10.0,4.186604553414163,Male,Graduate,Coaching,49.332665894870956
5.091143679807628,81.12379133571707,63.67576927473118,7.0,,5.234624410980873,,Postgraduate,,55.335046069113226
3.6967993047883656,49.46124593643239,100.0,1.0,6.239170037616248,2.2233699824321,Male,High School,Coaching,45.16970959102324
9.28788817865065,90.43733455988465,52.944881480454036,9.0,6.2458261437749485,2.0731612969014295,Female,Postgraduate,Self Study,61.74439667673914
6.267838044636022,82.08896223619564,89.58675208166102,3.0,6.724396217110331,1.407328419059921,Male,High School,Coaching,53.78374958575776
0.9497148266847857,78.84044601470814,,5.0,8.104412393236972,6.354449431272361,Male,High School,Self Study,52.55306084314416
5.3729086295388555,89.74036475918271,56.69617637438008,1.0,6.784442184958179,5.076708657270581,Male,High School,,50.22841803800632
3.676427070463224,99.98211666693865,73.53474618777913,6.0,7.787769730171246,2.936697908531935,Female,High School,Coaching,64.3199845752082
6.704866669592448,90.21555097527195,89.42594934692806,2.0,6.727096531839811,5.897158726690584,Male,Graduate,Online,57.626937212076925
3.4149585231345987,47.38688653002532,59.313083885187694,2.0,6.331469162794429,2.847204908451514,Female,Graduate,Online,40.87631786033121
4.770527117066202,55.806345498964475,61.946294598464576,10.0,7.461875589992584,4.086615707150294,Male,High School,Self Study,63.16315423516264
6.0099745579609145,65.62772133456482,56.274786290770344,1.0,7.404929050510694,3.0152578525840807,,Postgraduate,Coaching,57.5296909352974
6.731510388340243,,49.778649039607,10.0,6.245548821357268,3.5967081776257066,Female,High School,Self Study,54.96795283859186
2.5994071858884475,82.76488530703685,55.26083682400989,7.0,5.3761895634286105,3.4376421638003203,Male,Graduate,Online,50.721117917951794
4.330997528318103,64.11384280269802,46.64089599856615,5.0,7.012593372110652,2.362521939935026,Male,Postgraduate,Self Study,43.97370859626263
4.050109377678088,77.80150146715617,65.51125202388839,0.0,6.617523003443891,4.638747807128029,Female,Graduate,Self Study,49.661218423064
3.693341534852576,63.66925601470016,53.450401534120374,0.0,,4.073928626525852,Male,Graduate,Online,
8.530908480562193,65.82723295512078,68.50678867686122,6.0,5.236399276194804,4.541541890252217,Female,,Coaching,60.74632969771244
5.809963421921911,53.900083547276665,41.66156530694559,7.0,7.115713765841685,3.480340778249019,Female,High School,Self Study,49.37084841587593
2.4782320913299096,61.151501308336435,69.96320348321686,4.0,7.325142585541542,1.6401451773342988,Female,High School,Online,34.68169907141814
,54.724730915754996,77.50293442413387,10.0,,5.564079099836554,Female,High School,Coaching,47.46432593607271
9.244312394025266,60.36190120534001,35.09396536142817,4.0,5.630094446130611,2.606165649648861,Female,High School,,42.4868394758922
7.064930521102294,90.80462694911759,70.61084854771359,3.0,,3.546100542852622,Male,Postgraduate,Self Study,48.909896649343565
1.9612600680919732,60.759016667520854,83.41503488709938,5.0,7.073382408717379,3.9530720382334037,Male,Postgraduate,Coaching,32.68182044498925
4.031531854267497,100.0,46.855384719631914,5.0,5.294034389538895,3.536132574326428,Male,Postgraduate,Coaching,56.43924848237639
7.533822298373245,82.39976851321333,90.08858580256555,2.0,9.861701853531097,4.373125531845411,Female,Graduate,Online,60.15552761552085
3.5846610687624385,77.77254185542311,71.28528514049067,8.0,5.884577846043505,4.610066883474747,Female,Postgraduate,Online,58.116202914607726
5.887638856292456,62.1246332972818,54.424822163623865,10.0,3.0,2.662749745429128,Female,High School,Online,52.701033605597736
6.5492681068586736,85.50464819113488,64.16346383513441,6.0,6.454742500056298,5.438201012933471,Female,Graduate,Coaching,41.95512015412424
3.1461390568438343,66.36543260643339,73.37490368782584,0.0,6.390449780271796,2.5996446687581023,Male,High School,,52.46818608800042
,76.83014721968043,66.14008087118617,6.0,8.167577851286282,3.5051235733211827,Male,High School,Self Study,
0.0,100.0,73.08133988669553,4.0,6.932189355091556,2.4184827245936527,Female,Postgraduate,Coaching,
2.9512247173314203,73.55910150413025,51.1898961038095,4.0,5.249247224840296,1.9897897160238147,Female,Postgraduate,Self Study,48.991028007353385
4.494863697213679,92.23909989428513,67.54041236054117,1.0,6.070412189754835,4.566286633186298,Male,High School,Online,47.35148393622709
2.504433636070301,64.45235362311169,43.79428254642529,3.0,6.991129657476482,7.682845346139067,,High School,Online,37.738709427581526
8.26482260786327,74.47517264254557,63.33160907976949,5.0,3.252928624534384,2.4573601675195245,Female,Graduate,Coaching,50.05614159126516
2.1397172440787346,100.0,51.44138537802815,9.0,8.507932601585676,4.822982362017118,Female,Postgraduate,Online,35.11883940228035
4.119911026606032,65.5954941331835,53.9670508611535,10.0,5.253245171293003,2.5111330309497086,Male,Graduate,Online,45.3746756660458
5.2614811545721825,100.0,83.54139762815656,6.0,8.625565731421425,2.9842725347159935,Male,Graduate,Coaching,67.07608012495221
7.8825465781322315,85.61627903183214,,10.0,7.088697711689883,5.636375658347507,Female,Graduate,Self Study,67.35581789625428
2.1282756976411212,66.56299836158598,74.13707181360766,4.0,7.4443912045909615,1.3896970723870412,,High School,Coaching,34.36818244799705
7.326327504309919,84.48611608583282,48.61530852991132,8.0,8.224135154001909,0.9927613970653155,Female,Graduate,Self Study,60.66457530181879
5.020466122039174,89.58831674440094,60.25387325457797,2.0,7.359698079038748,2.8692020268552763,Female,Graduate,Coaching,59.926863592252474
3.036982697904098,84.32714943325794,83.19646549968775,0.0,7.509329324476177,3.9954840419065114,Male,High School,Coaching,52.356378363686694
5.924206948526542,51.446629201643155,67.12575370459857,3.0,6.253375339307928,3.6954998575213227,Female,Postgraduate,Online,51.235708393877715
5.39811939114694,64.09294236262697,99.7899430997254,8.0,,3.541018763539494,Female,Postgraduate,Coaching,54.437694626965985
3.799566245682411,71.28722046672743,70.89976759091557,3.0,5.618753277542385,3.0511979722673668,Male,Graduate,Coaching,61.46577519504768
5.139604169980037,73.8834985634993,67.88073674735047,1.0,5.984883350618048,4.1798100404758785,Female,High School,Self Study,40.800812717983284
4.22937280627648,84.31008146326018,60.363253036962476,9.0,9.447042571953363,0.0,Female,Postgraduate,Online,64.15291772204385
5.227034690502496,77.66551501399881,67.00311357173423,4.0,5.287709622424368,1.8737920423683887,Female,,Self Study,67.90725100968157
6.324261349042093,54.96983461934848,62.712952454291845,2.0,6.731475689954421,2.859581386074828,Male,Graduate,Self Study,
8.172033632290704,80.70296776508945,75.62163015032885,8.0,6.670203555073214,4.056802198653765,Female,High School,Online,67.13277566402614
2.524369002346302,84.15878617925735,79.35053475191876,3.0,6.033868292328801,5.234647710102849,Male,,Online,45.30748963568305
9.266066749312532,83.3968567189656,53.21015809238076,5.0,7.271601404855657,1.6723504377492897,Female,Postgraduate,Online,
1.0958244009549962,91.21171088331933,45.03150569663333,1.0,7.384583139112074,5.185617938304851,Female,,Coaching,27.02702095497433
4.6964298099288335,87.50883231823356,37.456919403450556,,5.111271225278632,2.321157496197956,Female,Postgraduate,Online,42.02713726669058
6.176634412969153,81.88770118842655,72.61986990368815,2.0,6.652035067319827,2.805135325528971,Female,Postgraduate,Online,56.56805979215127
5.561983735470065,73.94751432812029,48.449500907391894,8.0,4.876448991841465,3.8721487781964203,Male,Postgraduate,Online,65.43879336826717
3.7546009603588124,50.085585997260125,32.706641105712755,10.0,7.682822927475952,2.6951458810398408,,Graduate,Self Study,44.12232178502404
4.5837554992854495,81.44427328698879,70.82867906796446,1.0,6.764730965543938,4.665176409999477,Female,,Self Study,44.219603990215646
4.013998130682334,78.11531530744666,100.0,8.0,6.623494830075631,2.3930937823302845,Female,Postgraduate,Coaching,58.48871245430464
3.821270486111577,79.0736825579306,64.9089363269016,4.0,7.4885470233086044,2.415697513079499,Female,Postgraduate,Self Study,46.56089680524584
6.699204194042049,55.84877136269536,77.57736161677462,7.0,6.086734564297399,4.577969931313998,Female,High School,Coaching,49.52420870844603
5.714030971930095,58.784151893876064,66.22744037821347,1.0,7.871032938827307,1.8553134175985129,Female,High School,Self Study,
3.6141808094786914,90.79729279999356,63.51665520213286,5.0,5.077332690865797,,Female,Graduate,Online,40.41959954017107
6.799199750866501,74.40667269215018,78.78614724481653,2.0,8.617814778341792,0.5092759984592639,Female,Graduate,Self Study,79.61890845649287
5.614599041753219,85.22251046058936,60.64588183717023,9.0,5.67363322616772,5.729459028091785,,High School,Coaching,67.2941106317547
6.62572423767792,75.42477564195691,69.01088471107855,4.0,3.9557313984566185,4.809827904355163,Male,Postgraduate,Self Study,68.78835080092426
6.259257683847224,75.44634209243618,69.8254670929402,7.0,6.007197637305902,7.125160799371132,Male,Graduate,Online,53.688392396575374
3.3420099781558554,89.07425708963997,54.978643195354266,9.0,5.837047704118687,5.007545597169578,Male,Postgraduate,Coaching,51.159379563113866
,67.25932907673939,79.88063524304785,0.0,5.995889020774945,1.3055246555992777,Female,,Online,35.80650356779029
6.494587210246523,76.44181165411474,62.37560364956887,4.0,6.847472023225974,4.002974790240888,Female,,Online,53.06705040271228
6.22074053086693,68.06587066942436,53.66382260760733,2.0,8.146763541332408,1.6229868566672931,Female,Graduate,Coaching,59.01318413371363
4.958196812071704,68.48255658851527,73.04764765355606,3.0,6.2124411291542945,,,High School,Online,64.9122099955822
5.234654766617564,70.3624181479704,51.52298027313444,1.0,,1.3482895680336417,Female,Graduate,Online,38.60285966946519
7.55532979157685,78.3320065745057,65.42271736053692,8.0,4.810179781574304,1.2762676736403036,Male,High School,Self Study,61.36203150330399
3.8168572223283403,,64.86321505033695,2.0,5.7977258130364335,0.58528281945497,Female,Graduate,Online,46.86207517403227
6.094194762340075,,81.28843348747367,1.0,3.668262741124471,2.267430268105498,Male,High School,Online,49.93369776418044
4.595614695132212,61.580890466707444,72.12047349319928,9.0,5.412300359725458,1.965783262824643,Male,Graduate,Online,58.821956890083136
4.56463759354556,72.19692533757961,64.62459561882284,10.0,8.366080843793279,1.107526341241102,Male,Postgraduate,Online,49.66728343952513
7.19755370397438,68.40403412588738,77.26649448800431,8.0,5.264961193132366,5.984713656365286,Female,Postgraduate,Coaching,59.25339050390352
6.6508326979760595,96.704668265306,85.8531132352597,6.0,7.443073791200458,3.7948210445799675,Male,Postgraduate,Self Study,66.43915387476338
6.627019272001277,77.94832164767362,73.36715459527794,5.0,4.6602768652872655,3.6183518097850675,,Graduate,,53.06656269991586
,90.47766809202952,65.15528929765071,0.0,9.156643848965832,5.38374662887189,Female,Graduate,Online,64.82322988530639
5.042007683265518,52.716594404445416,45.32245651474761,4.0,9.256410099597066,3.384386688064402,Female,Postgraduate,Coaching,42.78540859416581
6.363905942589928,79.00575398803889,49.02329505386941,,7.386532334839814,1.8769796977422906,Female,Postgraduate,Online,56.63430053071745
4.379466486813088,,60.421629434679986,10.0,9.486878902465282,0.44968538622351506,,High School,Coaching,53.960044468998184
5.648332704976884,76.23425983913137,55.85731696761076,2.0,7.033689462391493,1.7924139114848945,Male,High School,Self Study,57.80262394347507
4.739713891264631,90.98220562598027,62.19543045521831,0.0,7.652775671224334,,Female,High School,Self Study,71.68638827278531
5.193991929985437,67.24067324849442,65.8497488734566,3.0,8.392900815097303,1.11699582647076,Female,Postgraduate,Online,55.460952361900496
6.190314050873827,96.1402116027837,72.94539131535096,1.0,6.769577679647674,3.5296908569968153,Female,,Online,74.08320945696352
3.3635586335330547,100.0,63.94251832911363,1.0,4.1714338076224085,4.550887714628336,Female,Postgraduate,Online,39.28723336138431
9.184774551370921,69.55742159340511,72.29752465739303,2.0,7.683445032851597,3.4280172606648778,Female,High School,Coaching,67.58638334264396
2.987965237000596,68.31746217898842,65.9671162221518,7.0,5.792210608349804,3.5984749931858753,Male,Graduate,Online,36.27574222699998
2.5716227744245357,96.80076715676552,35.36800150469193,7.0,5.90370526856681,3.9834058693101393,Male,Postgraduate,Online,33.519599195550974
7.316221747000135,98.69358218596068,50.90996909271868,6.0,6.946842374718035,3.5689213077339743,Female,Graduate,Self Study,59.03398017423402
6.583325387925871,67.15709959270097,62.83868666417577,5.0,7.349421319576056,5.413611258709923,Male,Graduate,Online,67.85174174899186
6.24823963410431,68.69719774356214,46.85457885738339,8.0,6.7252019510093275,1.4395624076585842,Male,,Self Study,64.86777205523008
6.25669101852856,70.7732308670924,73.99893094994307,3.0,7.453594304235963,3.3606373152581788,Female,High School,Online,60.778354220734904
4.975506454306171,54.833242334485846,87.96126248515546,0.0,5.439714298909705,0.27263934900427866,Male,Graduate,Self Study,36.225276436348764
3.2054912570283367,61.220220802737025,,7.0,6.435944307915075,0.0,Female,Postgraduate,Online,49.39399120707624
5.151609116387453,59.93788849871898,61.79835693604688,6.0,7.773628175676306,2.8774934537220243,Male,High School,Self Study,54.260932735981925
3.6456765769757764,,87.36089205274928,6.0,9.159186764655074,3.815069353417135,Male,Postgraduate,Coaching,54.88154009991356
6.9502394668355025,74.47972668919829,67.23001185803167,2.0,9.689653383459813,5.446001665856347,Male,Postgraduate,Self Study,41.324528802866595
4.705885236995723,78.5132209880478,59.94371043322941,3.0,7.149465024091597,6.6296875995156945,Female,High School,Self Study,42.51707432613663
3.349005606414977,98.25750739221115,55.7989600468859,9.0,7.760014740118411,4.979791005998221,Male,,Self Study,55.93339527185837
4.357228316694013,60.024689388918134,60.462954702678076,8.0,9.472368747222786,4.090748616597043,Male,Postgraduate,Online,55.22540186777787
5.825862908551248,89.76483597714875,59.17734772188157,5.0,5.493745944899758,,Female,High School,Online,37.908130182794736
3.8725508943920506,71.79016733661737,67.55624333563232,4.0,7.4445497790688755,0.7031579052249337,Female,Postgraduate,,50.415407733411215
3.3555592088671373,74.2580443552135,67.40860971574797,2.0,7.652514424229219,2.7809450913873026,Male,Graduate,Coaching,50.69208524152553
5.487374422983825,85.12229238249905,65.04569030230121,8.0,8.671792154115117,4.935565126887338,Female,Postgraduate,Coaching,69.37218244293746
5.4899331422174455,58.159169676565526,71.55407254619524,4.0,4.794287929195667,4.3474227840420605,Male,Graduate,Self Study,57.3803732538122
3.9861136492577405,80.73614619276076,82.85969412179512,4.0,5.090891324299225,1.0704987799755776,Male,Postgraduate,Coaching,62.58703309021034
4.057923388763355,77.49678312319584,79.24331203161985,3.0,6.532073316657059,3.92103847088772,Female,High School,Self Study,46.07757986543812
5.464099874715273,82.38676896012224,42.726530473251444,3.0,7.066591493482453,3.7925892178015808,Female,High School,Self Study,33.71061617344013
2.1038313170053518,79.33752965861727,26.691182976470678,0.0,8.184295930600712,3.524835180172106,Female,Postgraduate,Self Study,33.85019224849567
2.1850724512468895,100.0,79.01479866858911,6.0,7.276315663718407,2.9582166669339984,Male,High School,Coaching,
3.563111557495128,65.43390023623026,44.49681952376868,8.0,6.272880154834574,3.99837595041629,Female,Postgraduate,Online,
4.573105696576306,67.03504567497274,61.62851897160975,2.0,7.124692167134211,4.045969558368598,Male,High School,Coaching,55.800386913903345
5.621815131196009,65.65289210362853,47.448304609109606,1.0,6.951566714411677,2.037811851852892,Female,Graduate,Self Study,53.301259605795245
7.950712433899104,66.66784321259618,37.970293436299706,,9.117524644981682,3.6825210920731433,Male,Postgraduate,Self Study,58.96044721305003
6.7153192464040385,65.43919309040223,73.12194092307182,0.0,6.748488415352798,2.7159072888791793,Female,Graduate,Coaching,50.85720694657614
4.680122940073145,92.83524796661328,76.3873274045397,5.0,5.925374879671154,0.7691491983806351,,Graduate,Self Study,60.94591859622042
4.961967584194622,96.30756371984782,56.35234398909921,10.0,7.174413545107744,2.1575894474427546,Female,Postgraduate,Self Study,79.24774797345385
2.9949412707243823,66.43880559375785,26.134365617826354,10.0,6.7977279790077985,0.6544654719818621,Male,Graduate,Coaching,32.789389809459976
4.96297372801522,62.51466640343657,56.806333276212754,6.0,4.143509966487992,4.470140302605158,Female,Postgraduate,Coaching,63.98906049935911
4.422682722159723,82.07123334579606,70.8770600810382,10.0,6.476521907566747,3.5338340663314787,Female,Graduate,Coaching,55.31589256212268
5.645437120676179,66.71665433578544,42.81632646838807,10.0,6.348892631890992,2.466764083191082,Male,Postgraduate,Self Study,65.70995832174252
3.345538112895354,84.49397726633266,67.75039879668734,1.0,5.684192201331026,5.130782014932972,Female,Postgraduate,Self Study,35.64344227614697
6.038693028482345,78.04384531276949,64.77035226240507,,8.053374931434458,3.10198636137175,Male,High School,Online,
8.065477826005155,52.26383827504152,73.68937249401633,5.0,5.321480605082006,0.8531658660496886,Male,Postgraduate,Online,51.979915469371115
4.782479703086285,98.21257801995093,66.79370552621229,3.0,7.1834279292868075,2.3407821897242833,Female,Postgraduate,Coaching,46.93860457102598
5.8034234441978825,,50.40396588677667,4.0,6.278214500234404,5.449281280909938,Male,Graduate,Online,62.09087054372066
6.380287983422225,65.80816964273421,82.94857252496737,7.0,6.661542508470173,1.995786562366285,Female,Postgraduate,Self Study,
4.197559056228328,69.18447660096024,62.62205640459545,2.0,7.1176794365688005,3.4128319331367454,Female,High School,Online,40.275440795673205
5.448184963620833,79.28798086087357,64.59043190735102,2.0,4.538638424163498,4.115814936771957,Male,Graduate,Self Study,39.27028766970653
5.02518480156359,80.01685184980538,,10.0,6.787491337602174,3.8849227268324142,Female,Graduate,Coaching,54.813642744448124
,84.87816409009245,58.35076623212734,3.0,9.93342123456981,6.67418969843715,Male,High School,Coaching,54.974921545040715
3.4539804322890673,100.0,51.727959289596484,0.0,,1.2355451146150969,Male,Graduate,Self Study,57.6553843636149
5.049020348517885,72.34579158758926,62.405809101148655,8.0,6.413588054426743,1.3853053792007954,Female,Graduate,Online,65.34204739331801
5.9959965824909,63.02554133192319,,7.0,8.18485898723573,1.2603683293468004,Female,Graduate,Coaching,61.398871103696216
7.902287215590084,54.31021157978209,44.421482856029655,7.0,6.952428871930396,2.556122368474673,Male,Graduate,Coaching,73.13740809158129
6.918541652170414,64.0360494008712,40.79657903184888,9.0,7.53195042817405,4.649066082273677,Male,High School,Online,56.30954520144549
9.306364915023114,74.50309540689304,87.06755491240412,5.0,3.0,1.4523981303052333,Female,High School,Online,67.49307022439648
3.465304874223901,100.0,61.86014484272201,6.0,7.397374061944926,4.670040758915908,Female,Graduate,Self Study,41.01593665170235
6.744641273441356,67.23583051445743,54.963908920101254,5.0,5.357467690649602,3.0526900048916055,Female,Graduate,Online,52.42324839839887
,,80.59857031094114,8.0,6.96481592687472,1.3365049601836145,Female,High School,Online,59.17709790822757
9.379605866435345,74.75365655890872,55.91576690394704,2.0,6.455847903635764,0.37294506514821535,Male,High School,Online,
3.383403429289697,92.82589910172126,92.39014570320404,2.0,9.91749954374245,0.7086442592860109,Female,High School,Self Study,66.70527304192304
3.3205563156384477,100.0,75.16888807008904,2.0,7.320042985648813,2.001219887649114,Male,Graduate,Self Study,46.86116689360682
3.8012147091119557,67.03696840619519,57.68132887781446,,6.331064256105821,2.746273236385019,Male,Graduate,Coaching,51.06593979872809
0.7522085513803862,67.65840836222667,97.35962319898255,2.0,4.235460861119668,5.019094465095677,Female,Postgraduate,,49.349567717908194
3.948489956638478,90.66241315603608,55.914276154949924,8.0,6.681720352774845,4.198632318282359,Male,High School,Coaching,70.74890665884081
3.481734676892604,,76.13143058013961,3.0,,1.7415881218795466,Female,Graduate,Online,64.61166912198507
5.300787572952415,100.0,69.48938870609737,6.0,6.379172162271165,3.6129979250582522,Male,High School,Coaching,71.79179412179796
5.683511951554319,83.75892277988946,,8.0,5.741515460093838,5.477319403788361,Female,Graduate,Coaching,63.81639453113058
8.752341678431772,69.61061863819411,88.42266795090279,10.0,5.6411200042305225,5.810876131545053,Male,High School,Online,73.62298620751133
6.9008476763721,83.85982246038463,65.4800622359865,6.0,7.302712153182981,2.528390982669605,Male,Graduate,,76.83871180674726
3.8461926886751936,91.63055370874362,53.69873194480725,,7.639081908963735,4.437432644557503,Female,Postgraduate,Self Study,42.040541225016725
3.203170657303284,87.30723271796046,71.89958214408675,2.0,8.541815172981678,5.084933050331736,Female,Postgraduate,Self Study,49.41564600527075
5.983838343013011,82.60911046660947,54.834269453718406,3.0,5.007500160184463,0.7393921152324192,Male,High School,Self Study,49.60946859467916
2.3595335859587157,91.00012034383731,,7.0,7.288966337626425,2.2313893692604547,Male,Graduate,Self Study,63.23911827505143
8.662917531708707,92.5394338566851,67.04802996624106,5.0,6.3174440683732,6.330028101634896,Female,Graduate,,81.95611848525688
,95.7323848655629,59.52017673031837,4.0,6.361648693050079,2.548445834818644,Male,High School,Coaching,60.63725009196526
4.06164869579059,84.73064831384464,67.77020458797362,3.0,7.102738781051003,0.0,Female,Graduate,Online,32.306507214951004
1.573730941818245,72.49322879524719,44.793105657054554,7.0,7.111484380437421,2.8185572844199163,Male,High School,Coaching,36.95203869320386
7.707744748330826,77.20070529649985,50.42578942234023,0.0,7.29315215868736,,Female,Graduate,Coaching,66.80644799359132
4.770920309494764,93.09763449762535,83.00620861916639,8.0,,3.009765655201344,Male,High School,Coaching,69.17160580935645
7.4756326239469235,62.74596493519146,55.14658581542906,0.0,5.375282889250312,4.073045920200951,Female,Graduate,Online,57.21298547811446
1.8111446824112658,80.53009963309351,49.296335259770906,,8.728802413276526,4.407332996483598,Female,High School,Self Study,42.3125326787677
3.8012499540924543,69.09991781508958,73.04979128790929,3.0,6.16914129877874,2.467593822851577,Male,Graduate,Coaching,37.30414984015181
5.010487399436366,75.43117234402226,82.78556231994496,8.0,6.959021597026845,2.220910520378436,Female,Postgraduate,Online,65.73992512007365
5.093961187529484,94.17677793910948,75.784299659976,10.0,8.08199946806478,3.2301614639314074,Male,Graduate,Online,57.774877778036924
4.099869057041513,77.86648602029855,79.94071528708724,4.0,7.195164608541228,3.2666683843948214,Female,High School,Online,77.45291148050933
,75.69654822234223,53.64807367145809,2.0,7.319783946458059,3.081115229770457,Female,,Self Study,61.00008523696824
2.8647591412348112,54.60215788530121,,8.0,7.841866518865635,3.1427347840236965,Female,Graduate,Coaching,34.252575630950716
4.715241029957413,86.19380349040831,87.5200047793323,10.0,3.3250043586544997,1.877180798068893,Male,Postgraduate,Online,57.117924399267714
5.240591263423798,84.68226271711613,60.15980241736796,8.0,5.765074767259198,4.125430365121423,Female,Graduate,Self Study,57.04879322381283
6.028877668117498,100.0,61.23750475317429,3.0,7.202908694749388,3.8988479206694495,Male,Postgraduate,Online,61.091145121809824
6.423229756177779,70.38332647570499,84.92291212773587,10.0,8.581466460586487,0.9959874500468127,Female,High School,Online,77.3303468973614
2.7507158163242615,78.28725491495908,73.3434501410099,3.0,6.59914333948366,2.4162565243710494,Male,Graduate,Online,51.86261905665926
1.9317716585287554,78.74075525566133,71.83831658122412,7.0,5.232925307365857,,Male,Graduate,Online,41.01554022872256
,98.66179919645211,97.47503517351626,1.0,5.272870925584247,2.1985304965857386,Male,High School,Online,92.70118479108702
5.6646280239591835,73.57056701419572,55.347226544297854,8.0,7.825791805179611,3.9560579663816906,Female,Postgraduate,Self Study,56.56244971959702
3.5030269268868928,79.18532288655508,78.91760192121856,5.0,6.1733396264121705,2.8996761923142933,Male,High School,Coaching,61.87342650760883
8.102303951045046,84.11844764574809,65.85519687345626,8.0,,3.2536087941827803,Female,High School,Coaching,62.24901601566907
5.231349268585717,77.79913684734537,69.02888418294886,7.0,7.422545290658479,2.39893603877539,Male,Postgraduate,Coaching,62.48252659993731
7.358594368127653,68.30349578174207,87.92702639618798,6.0,3.0,0.010171764884078005,Male,High School,Coaching,67.75825114713308
5.135036962820218,77.91134989347461,72.61753634434436,0.0,9.500551267262122,0.0,Male,Graduate,Self Study,39.15580583804144
9.121495849763974,91.10447624789659,73.07444118574449,2.0,5.403389247423408,3.884414320038041,Male,Graduate,Self Study,91.22295722910889
8.510681684886409,59.602270508834096,,,6.862904554210358,3.400368114734091,Female,Graduate,Self Study,79.26796104820248
4.502071703041853,76.99454511220314,59.52570905685672,1.0,3.9429544797555933,3.657993309526627,Male,High School,Online,45.18024787781245
6.943141901908711,64.4981877759124,52.4118549899149,4.0,5.866188334392444,,Male,Graduate,Online,42.970795167573314
6.290751899170295,92.92569943387264,49.327862089684494,4.0,8.367032069547644,3.3218511050602717,Female,Graduate,Online,64.61374456588878
7.737263115064698,52.15219642824338,35.50465115935997,4.0,3.6257492305011816,4.453535060428182,Male,Graduate,Coaching,48.41146258471957
3.070153078839791,66.61617229092617,95.84310694910484,3.0,8.18930013078371,3.6669290586021184,Male,Graduate,Online,55.681807335341276
6.372102919996879,80.65817812596781,48.451874514174754,4.0,6.0894558556514236,4.561364025459169,Male,Graduate,Coaching,57.68395697765295
7.116848973699176,98.4828604385151,61.68119564621342,2.0,7.230746660330288,3.257192761839896,,Graduate,Online,71.28083102419919
,74.01374608390519,60.84780050166619,0.0,7.4862866202276654,2.5494273892203436,Female,High School,Coaching,55.762733616387834
2.63348297466845,66.67200709960203,69.61110046713651,4.0,7.162132249236388,3.2913042932343686,Female,Graduate,Online,51.44071717660073
0.9215356444797989,100.0,77.23605818808946,,5.20257402255376,,Male,Graduate,Online,43.44368400435023
,53.279791493756335,77.90710232539618,8.0,5.953176280197464,2.4302296066321367,Female,Postgraduate,Self Study,64.33601877044597
6.435084511591924,42.017910650698774,56.25383842146592,3.0,4.307665734123777,3.2663569629600553,Female,,Online,61.58819443474332
8.004714104192056,81.60021675079999,62.49317429320383,2.0,7.23769449738212,3.2464774978515174,Male,High School,Online,95.50901804134308
5.14818956083955,67.46918663471084,69.2386992573245,0.0,9.053082731023888,2.8403716799955174,Female,High School,Self Study,41.40447971751502
8.257231091142584,59.681507743039305,61.2696331072468,1.0,3.7633386699853064,0.9177229347386899,Male,High School,,59.281700216914956
2.2397970835702172,85.6253467094903,89.1101836402999,7.0,5.357531140792947,3.9546143196310712,Female,Graduate,Self Study,33.60950337030878
1.5932351212896907,78.65701070656799,72.36462427457377,0.0,6.2273370861756,4.251342609899324,Female,Graduate,Self Study,49.36922223268445
4.888904602206763,66.53882053894907,76.02316679074727,7.0,6.7600121355703315,5.465535742878358,Female,Postgraduate,Coaching,48.49822854113272
5.768130897878614,55.79543401993658,74.94321903001119,6.0,7.8187644521516395,3.6626639948830966,Male,Postgraduate,Online,73.34417488250286
4.934610503811814,88.08685992420217,82.60210786227987,7.0,6.2717000294635,3.0021927512872244,Female,High School,Coaching,55.138915000054375
0.8651157999202468,,67.7153233805556,5.0,6.026061910331524,1.4804557355847754,Male,Postgraduate,Online,29.445290084386595
4.821759920974423,73.51236204330925,45.5475207806623,8.0,8.154696059104612,5.238026804041583,Male,Postgraduate,Online,46.37418975255482
,100.0,70.99531927628962,2.0,7.492993350594958,3.3717494653110354,Female,High School,Coaching,34.67799108269939
6.339345097660077,58.94872850510771,55.22964659312257,9.0,7.308466963551648,3.2900597607381847,Male,,Self Study,61.76878130961689
,52.117122436128916,57.07074977375365,3.0,6.668773567382171,2.618915702731722,Female,Postgraduate,Coaching,27.122974631932507
3.1202404273452897,64.62137895178134,73.7954602813264,5.0,7.974728316379788,2.523045650347707,,Graduate,Online,49.01664416868317
3.972266165326613,74.31620975466754,83.57424607150453,7.0,5.515535913154601,4.03240010107627,Male,Postgraduate,Coaching,34.3899603441582
2.881572956222097,78.65009173984038,65.31907365104092,4.0,5.310958576720883,1.4678390660121121,Female,,Coaching,46.022142830814545
4.874641805453656,71.38145913215506,69.63249518898445,2.0,7.619151480303986,5.438147788738171,Female,Graduate,Online,68.48914559763261
6.910284641002477,80.28083094771445,90.53322416952857,5.0,4.0624460461296374,5.111289686307558,Female,Graduate,Self Study,68.50380513549649
3.0285479073289125,56.22690863714334,68.61129769232852,3.0,6.638269264454731,2.468907679699366,Female,High School,Coaching,34.62572059432379
6.008093031035688,96.65646906109889,,8.0,6.025162471606232,1.7042031511904363,Male,High School,Online,72.86966458225379
3.9394847632551184,73.76773232411146,73.48264468447316,2.0,4.391367904020566,0.0,Male,Postgraduate,Online,52.02115559634817
3.4142543354753117,91.75943747382192,38.58855861266274,3.0,5.103098630425603,1.1228791912736598,Male,Graduate,Coaching,53.70471914911509
4.785939280090885,80.14088019566556,,6.0,6.3365358615569765,4.094867239324311,Female,High School,Self Study,44.11235744059398
2.929515355161252,81.85129828730676,70.71737577324167,6.0,8.050944884748533,3.4730127883509807,Male,Postgraduate,Coaching,58.702049492996196
3.892701389305636,83.54650920348305,84.34629131124119,3.0,5.520563013113284,3.740480347959132,Female,Graduate,Self Study,28.957440207759387
2.604244214822303,81.71562840025973,75.09772026904938,5.0,8.32007209985749,0.23163054701375785,Male,Postgraduate,Self Study,47.592340471138456
8.929450265832779,84.64084139801315,62.92316024024339,2.0,6.5947688413347745,2.4062765698460034,Female,High School,Self Study,62.9767429761799
5.070527103943458,94.93728795198646,46.635526455659516,5.0,8.465577053254957,5.050909209423123,Male,High School,Self Study,63.560475171186525
3.6005489840148286,77.94781754552206,61.86465114070962,1.0,5.593262586829928,2.8559588920209698,Male,Graduate,Coaching,48.6538828180162
5.427959821468444,85.63505636382769,52.2421931868605,7.0,6.426785617841947,,,Postgraduate,Online,44.534818332251824
4.77534390061834,73.6539645856916,56.29214825292916,1.0,7.052725405005494,2.832596503735648,Male,Graduate,Online,40.4407839206131
4.558060800933554,96.6017582317421,73.82867606630914,10.0,6.230734305887732,1.8434738724521254,,High School,Online,66.60087539777699
6.22833340008685,64.85411546911095,90.0485675652711,6.0,7.9295362207178535,3.5005185899180957,Male,High School,Online,
6.51501542009461,100.0,70.92007294734472,8.0,3.1886544120646008,3.0308180683315724,Male,Postgraduate,,62.01673792526182
3.938997704778945,74.39763074033485,47.06175406947224,0.0,10.0,3.814944996123436,Female,Postgraduate,Online,41.83282275715023
3.8483635187106398,53.53837346822928,71.66904002330212,7.0,7.786661910492743,1.1731145598523312,Female,Postgraduate,Coaching,
4.449896605696712,76.92156622366184,82.94947229968477,6.0,6.239702256447475,2.3269251470023518,Male,Graduate,Self Study,52.79551697015606
0.39615767052883033,64.78422513787679,55.85325643520927,5.0,5.671517489633984,4.635651512098663,Male,Postgraduate,Online,33.93141238846831
1.9696178756028955,87.60965323483086,62.989742499906235,5.0,5.2003690828271685,0.9685799183467774,Male,Postgraduate,Coaching,71.10495856028481
7.733748534889049,65.21064031046413,65.22032292093796,5.0,,1.4953319759400323,Male,High School,Online,47.058221530812034
8.289935427002568,68.3072485017783,53.2265253037664,8.0,7.99247250318853,3.298945964988096,Male,High School,Online,43.83562184564811
4.501927920887243,46.65688903581703,,1.0,6.256210807805151,3.430094758625687,Male,Postgraduate,Self Study,52.19664644751421
,68.21540521126386,63.18577777088328,0.0,8.160485619467753,2.2667252358858456,Female,Postgraduate,Self Study,47.72156847474034
5.622500309087072,38.64181010056565,71.29298665860541,5.0,5.139109929858316,2.5823506760417247,Female,High School,Self Study,43.31464563863409
11.157761616910475,51.24145764771415,51.6876173329685,9.0,4.874283725019746,3.7998383423334623,Female,Postgraduate,Online,56.40890452167137
7.2391498228691535,86.40621984216446,58.438125495148846,10.0,9.220011807868323,4.274452502639802,Male,Graduate,Online,64.2017187652257
4.744164817038467,86.78700237976248,75.83572036741657,7.0,7.386662920307814,1.396167502065361,Male,Graduate,Online,77.9163680686121
3.0889191187991485,81.38186342677447,59.4075027186235,2.0,8.59527230271999,3.5464792809419254,Male,Graduate,Self Study,57.10849802522471
1.787107359484855,60.495357853061805,90.90445776850108,9.0,5.219090437418461,5.268024000008583,Female,Postgraduate,Coaching,54.78858932564803
5.406927271734446,74.2843296578703,59.005457215780964,0.0,5.114711912346905,2.826161907958301,Female,High School,Online,37.28917659998847
3.487298509431393,74.94596191364147,68.37027088627829,8.0,5.962086020813687,1.3802412693172215,Male,Postgraduate,Online,41.39912328986182
2.1554925808046517,57.624529662111854,78.98886247809635,0.0,5.263911737691482,1.3108621367591755,Male,Postgraduate,Online,13.137347342278673
3.7068542315149466,97.55097452650726,43.724514006004526,2.0,7.558047815342676,2.758893838032204,Female,High School,Coaching,44.43652663152562
2.83690399277121,88.16043435863507,38.587867820288366,7.0,5.3733109146103315,4.553770957301428,Female,High School,Online,56.153217692472865
8.37428327014513,71.68553739255503,42.11515528144858,2.0,,2.9388662252300684,Female,High School,Coaching,62.122821735809815
,75.40328758491796,83.93876155140774,3.0,6.713023118382848,3.2838479698588916,Male,Graduate,Online,60.69803207219438
4.9840547173667655,78.12574211921329,56.7221278116133,7.0,4.56502073626218,1.505487476739294,Male,Postgraduate,Coaching,54.541076142767864
7.959888277780052,44.37397697363564,100.0,0.0,3.800804102786916,4.4746764494648215,Male,High School,Online,49.96606632633784
5.154736615295237,71.29233926219105,56.53628602013917,5.0,6.699885850791917,1.2815121432519678,Female,Postgraduate,Self Study,55.41594450635867
,,67.76826954795555,0.0,3.876169935484685,2.2432552735925504,Female,Graduate,Self Study,51.29225971138365
8.046248154539315,59.975699851576266,,0.0,7.662919094443135,3.944872293069441,Male,Graduate,Self Study,45.457939803376576
6.077820087369317,70.78349560671067,95.09139332238684,7.0,4.406999410620806,0.0,Male,High School,Self Study,67.18676419228241
2.925507691347087,100.0,95.92255364954596,10.0,,3.260941724528562,,High School,Online,72.22440631141804
4.619322643832784,84.61264291900514,,3.0,6.0593050247888085,1.4413896504123282,Male,,Self Study,55.52481429653387
3.2487634932304856,66.43231515325805,80.36093788717193,0.0,6.716891754944727,3.02482409836367,Female,High School,Coaching,54.60121255259962
2.234400538071328,83.58874172034238,73.88790423801774,9.0,7.2372125955229105,2.4719165884320953,Female,Postgraduate,Self Study,81.58659742619118
